loaded_date,kr_base_rate,kr_cpi,kr_unemployment,kr_usd_exchange,kr_gdp,kr_m2,us_fed_rate,vix,wti_oil
2005-01,3.25,73.594,3.9,1037.98,0.9,902992.8,2.28,13.44,46.84
2005-02,3.25,73.892,3.7,1023.11,0.9,910391.0,2.5,11.71,48.15
2005-03,3.25,74.338,3.7,1007.78,0.9,922942.5,2.63,13.13,54.19
2005-04,3.25,74.413,3.7,1010.07,1.9,930989.1,2.79,14.46,52.98
2005-05,3.25,74.338,3.7,1001.84,1.9,933697.1,3.0,13.97,49.83
2005-06,3.25,74.114,3.8,1012.46,1.9,939150.7,3.04,11.87,56.35
2005-07,3.25,74.413,3.7,1036.56,1.4,948372.8,3.26,11.05,59.0
2005-08,3.25,74.636,3.6,1021.68,1.4,960979.0,3.5,12.95,64.99
2005-09,3.25,75.008,3.9,1029.84,1.4,957486.9,3.62,12.63,65.59
2005-10,3.5,74.859,3.9,1045.88,1.1,957390.9,3.78,14.94,62.26
2005-11,3.5,74.561,3.6,1040.76,1.1,955328.2,4.0,12.15,58.32
2005-12,3.75,74.785,3.5,1022.38,1.1,960235.2,4.16,11.26,59.41
2006-01,3.75,75.231,3.4,981.44,1.6,957326.7,4.29,12.04,65.49
2006-02,4.0,75.381,3.6,969.84,1.6,961576.6,4.49,12.47,61.63
2006-03,4.0,75.827,3.6,974.71,1.6,965391.3,4.59,11.69,62.69
2006-04,4.0,75.902,3.5,952.6,0.7,971394.3,4.79,11.85,69.44
2006-05,4.0,76.05,3.4,940.82,0.7,977381.9,4.94,14.45,70.84
2006-06,4.25,75.902,3.5,954.45,0.7,987668.5,4.99,16.92,70.95
2006-07,4.25,76.199,3.5,950.81,1.6,991033.5,5.24,15.33,74.41
2006-08,4.5,76.645,3.5,960.95,1.6,998024.7,5.25,13.35,73.04
2006-09,4.5,76.868,3.5,952.29,1.6,1011962.9,5.25,12.18,63.8
2006-10,4.5,76.496,3.6,952.64,0.8,1023316.4,5.25,11.31,58.89
2006-11,4.5,76.125,3.5,935.41,0.8,1030437.4,5.25,10.82,59.08
2006-12,4.5,76.348,3.4,924.98,0.8,1041540.1,5.24,10.96,61.96
2007-01,4.5,76.496,3.4,936.76,1.8,1049517.4,5.25,11.04,54.51
2007-02,4.5,77.017,3.2,936.9,1.8,1057158.9,5.26,11.16,59.28
2007-03,4.5,77.464,3.2,942.88,1.8,1059549.0,5.26,15.16,60.44
2007-04,4.5,77.761,3.3,930.69,1.7,1063156.2,5.25,12.93,63.98
2007-05,4.5,77.836,3.3,927.56,1.7,1064962.8,5.25,13.3,63.45
2007-06,4.5,77.836,3.2,927.87,1.7,1075534.2,5.25,14.95,67.49
2007-07,4.75,78.134,3.3,918.12,1.2,1077650.1,5.26,17.27,74.12
2007-08,5.0,78.208,3.2,934.48,1.2,1082976.6,5.02,25.03,72.36
2007-09,5.0,78.655,3.2,928.6,1.2,1087170.4,4.94,22.2,79.91
2007-10,5.0,78.803,3.2,914.94,2.0,1088167.2,4.76,19.12,85.8
2007-11,5.0,78.803,3.3,918.81,2.0,1089973.1,4.49,25.58,94.77
2007-12,5.0,79.101,3.1,931.1,2.0,1097590.8,4.24,21.65,91.69
2008-01,5.0,79.472,3.0,942.06,0.8,1105916.8,3.94,25.82,92.97
2008-02,5.0,79.771,3.0,944.01,0.8,1117083.7,2.98,25.46,95.39
2008-03,5.0,80.515,3.0,981.73,0.8,1128670.7,2.61,27.1,105.45
2008-04,5.0,80.962,3.1,986.86,0.4,1143956.6,2.28,21.56,112.58
2008-05,5.0,81.63,3.2,1034.13,0.4,1159581.9,1.98,18.3,125.4
2008-06,5.0,82.151,3.1,1031.49,0.4,1175866.9,2.0,22.11,133.88
2008-07,5.0,82.747,3.1,1015.05,0.7,1190474.9,2.01,24.32,133.37
2008-08,5.25,82.598,3.3,1046.11,0.7,1198210.2,2.0,20.7,116.67
2008-09,5.25,82.673,3.2,1134.87,0.7,1208134.1,1.81,30.24,104.11
2008-10,4.25,82.598,3.3,1329.19,-3.4,1237588.2,0.97,61.18,76.61
2008-11,4.0,82.375,3.4,1398.7,-3.4,1263562.7,0.39,62.67,57.31
2008-12,3.0,82.375,3.4,1361.57,-3.4,1286922.8,0.16,52.41,41.12
2009-01,2.5,82.45,3.3,1354.4,0.3,1292462.7,0.15,44.68,41.71
2009-02,2.0,83.045,3.3,1439.58,0.3,1303385.4,0.22,45.57,39.09
2009-03,2.0,83.64,3.5,1449.62,0.3,1315293.5,0.18,44.8,47.94
2009-04,2.0,83.862,3.7,1332.13,1.4,1329910.7,0.15,38.06,49.65
2009-05,2.0,83.862,3.9,1254.35,1.4,1336604.2,0.18,31.98,59.03
2009-06,2.0,83.788,3.9,1259.29,1.4,1339126.0,0.21,29.14,69.64
2009-07,2.0,84.086,3.8,1259.67,3.1,1350651.5,0.16,26.16,64.15
2009-08,2.0,84.384,3.9,1239.0,3.1,1380776.9,0.16,25.34,71.04
2009-09,2.0,84.459,3.6,1211.86,3.1,1384414.2,0.15,24.93,69.41
2009-10,2.0,84.235,3.6,1173.74,0.7,1394094.4,0.12,24.25,75.72
2009-11,2.0,84.384,3.7,1162.84,0.7,1400475.5,0.12,23.79,77.99
2009-12,2.0,84.682,3.6,1163.31,0.7,1399323.9,0.12,21.24,74.47
2010-01,2.0,85.351,4.7,1138.19,2.3,1406577.5,0.11,20.64,78.33
2010-02,2.0,85.523,4.0,1155.66,2.3,1425069.1,0.13,22.54,76.39
2010-03,2.0,85.696,3.6,1136.08,2.3,1435032.5,0.16,17.77,81.2
2010-04,2.0,86.041,3.6,1115.46,1.6,1448987.9,0.2,17.42,84.29
2010-05,2.0,86.128,3.3,1164.84,1.6,1456909.3,0.2,31.93,73.74
2010-06,2.0,86.041,3.5,1214.11,1.6,1466581.2,0.18,29.92,75.34
2010-07,2.25,86.214,3.8,1203.81,1.0,1482417.4,0.18,25.57,76.32
2010-08,2.25,86.647,3.5,1179.52,1.0,1488033.3,0.19,24.75,76.6
2010-09,2.25,87.337,3.7,1159.93,1.0,1495141.5,0.19,22.52,75.24
2010-10,2.25,87.337,3.7,1121.94,1.4,1498033.9,0.19,20.37,81.89
2010-11,2.5,86.906,3.3,1129.62,1.4,1506545.1,0.19,20.1,84.25
2010-12,2.5,87.251,3.7,1145.48,1.4,1516914.0,0.18,17.57,89.15
2011-01,2.75,88.288,3.6,1118.87,1.0,1520642.1,0.17,17.32,89.17
2011-02,2.75,88.892,3.6,1117.44,1.0,1521655.1,0.16,17.43,88.58
2011-03,3.0,89.238,3.7,1119.27,1.0,1530223.2,0.14,20.72,102.86
2011-04,3.0,89.325,3.5,1083.18,0.4,1539009.1,0.1,16.24,109.53
2011-05,3.0,89.497,3.3,1084.36,0.4,1547725.2,0.09,16.91,100.9
2011-06,3.25,89.67,3.3,1080.45,0.4,1550022.4,0.09,19.15,96.26
2011-07,3.25,90.102,3.4,1057.43,0.5,1555990.0,0.07,19.23,97.3
2011-08,3.25,90.707,3.2,1073.89,0.5,1571378.8,0.1,35.03,86.33
2011-09,3.25,90.62,3.3,1121.91,0.5,1579257.0,0.08,36.53,85.52
2011-10,3.25,90.448,3.3,1150.69,0.7,1597926.7,0.07,32.83,86.32
2011-11,3.25,90.534,3.3,1133.48,0.7,1603013.1,0.08,31.94,97.16
2011-12,3.25,90.879,3.2,1148.13,0.7,1599168.0,0.07,25.05,98.56
2012-01,3.25,91.242,3.3,1140.33,1.0,1603967.0,0.08,20.23,100.27
2012-02,3.25,91.588,3.3,1122.69,1.0,1612098.2,0.1,18.42,102.2
2012-03,3.25,91.614,3.3,1126.17,1.0,1618320.7,0.13,16.17,106.16
2012-04,3.25,91.605,3.3,1135.02,0.4,1629427.9,0.14,17.82,103.32
2012-05,3.25,91.769,3.2,1156.69,0.4,1633889.0,0.16,21.0,94.65
2012-06,3.25,91.639,3.2,1163.39,0.4,1647303.9,0.16,21.13,82.3
2012-07,3.0,91.432,3.2,1142.28,0.4,1655328.1,0.16,17.57,87.9
2012-08,3.0,91.855,3.2,1131.75,0.4,1665020.0,0.13,15.69,94.13
2012-09,3.0,92.512,3.2,1122.99,0.4,1665281.6,0.14,15.28,94.51
2012-10,2.75,92.339,3.1,1105.38,0.7,1676747.9,0.16,16.28,89.49
2012-11,2.75,92.011,3.2,1086.95,0.7,1675811.9,0.16,16.7,86.53
2012-12,2.75,92.175,3.2,1075.22,0.7,1686156.0,0.16,17.31,87.86
2013-01,2.75,92.728,3.2,1066.52,0.8,1698131.6,0.14,13.51,94.76
2013-02,2.75,93.038,3.1,1087.31,0.8,1711076.9,0.15,14.07,95.31
2013-03,2.75,92.952,3.0,1102.87,0.8,1718308.7,0.14,13.03,92.94
2013-04,2.75,92.823,3.0,1120.9,1.1,1717442.2,0.15,13.97,92.02
2013-05,2.5,92.823,3.1,1111.49,1.1,1723903.5,0.11,13.49,94.51
2013-06,2.5,92.71,3.1,1135.01,1.1,1735168.6,0.09,17.27,95.77
2013-07,2.5,92.909,3.2,1125.03,1.0,1733115.5,0.09,13.97,104.67
2013-08,2.5,93.238,3.2,1115.94,1.0,1739717.8,0.08,14.21,106.57
2013-09,2.5,93.419,3.0,1082.31,1.0,1761110.1,0.08,14.69,106.29
2013-10,2.5,93.134,3.1,1065.86,0.9,1767779.4,0.09,15.41,100.54
2013-11,2.5,93.116,3.1,1061.56,0.9,1782729.9,0.08,12.92,93.86
2013-12,2.5,93.229,3.3,1055.63,0.9,1795257.0,0.09,14.19,97.63
2014-01,2.5,93.73,3.3,1067.13,0.8,1799846.9,0.07,14.24,94.62
2014-02,2.5,93.98,3.5,1071.31,0.8,1814781.0,0.07,15.47,100.82
2014-03,2.5,94.153,3.4,1070.49,0.8,1826090.4,0.08,14.84,100.8
2014-04,2.5,94.214,3.6,1042.64,0.9,1830800.0,0.09,14.2,102.07
2014-05,2.5,94.369,3.5,1024.79,0.9,1847499.7,0.09,12.48,102.18
2014-06,2.5,94.248,3.5,1018.74,0.9,1858233.6,0.1,11.54,105.79
2014-07,2.5,94.386,3.5,1021.03,0.3,1869730.2,0.09,12.3,103.59
2014-08,2.25,94.551,3.5,1024.55,0.3,1891814.7,0.09,13.49,96.54
2014-09,2.25,94.49,3.5,1035.89,0.3,1901679.4,0.09,13.47,93.21
2014-10,2.0,94.205,3.6,1060.34,0.5,1912477.6,0.09,18.06,84.4
2014-11,2.0,94.015,3.6,1097.87,0.5,1935697.0,0.09,13.41,75.79
2014-12,2.0,94.006,3.7,1102.62,0.5,1946213.6,0.12,16.29,59.29
2015-01,2.0,94.643,3.6,1088.13,0.9,1949424.5,0.11,19.12,47.22
2015-02,2.0,94.587,3.5,1101.46,0.9,1966543.7,0.11,15.9,50.58
2015-03,1.75,94.596,3.5,1112.9,0.9,1983317.2,0.11,14.81,47.82
2015-04,1.75,94.625,3.6,1084.67,0.4,2006484.3,0.12,13.49,54.45
2015-05,1.75,94.89,3.6,1092.64,0.4,2018864.2,0.12,13.34,59.27
2015-06,1.5,94.909,3.8,1112.88,0.4,2028091.1,0.13,14.34,59.82
2015-07,1.5,95.08,3.8,1146.55,1.5,2046768.0,0.13,14.35,50.9
2015-08,1.5,95.213,3.6,1178.14,1.5,2058804.8,0.14,19.43,42.87
2015-09,1.5,94.966,3.5,1184.33,1.5,2069757.1,0.14,24.38,45.48
2015-10,1.5,94.966,3.5,1143.2,0.8,2076050.9,0.12,16.79,46.22
2015-11,1.5,94.786,3.6,1153.47,0.8,2084185.5,0.12,16.21,42.44
2015-12,1.5,95.07,3.5,1169.95,0.8,2094647.7,0.24,18.03,37.19
2016-01,1.5,95.232,3.6,1203.32,0.4,2112089.3,0.34,23.72,31.68
2016-02,1.5,95.64,3.8,1216.23,0.4,2129784.1,0.38,22.52,30.32
2016-03,1.5,95.393,3.7,1181.57,0.4,2136613.8,0.36,15.85,37.55
2016-04,1.5,95.573,3.6,1145.8,1.3,2145385.9,0.37,14.3,40.76
2016-05,1.5,95.63,3.5,1173.79,1.3,2163643.3,0.37,14.85,46.71
2016-06,1.25,95.611,3.6,1165.2,1.3,2178064.5,0.38,17.77,48.76
2016-07,1.25,95.431,3.6,1140.87,0.4,2193889.4,0.39,13.16,44.65
2016-08,1.25,95.677,3.9,1110.02,0.4,2212930.6,0.4,12.4,44.72
2016-09,1.25,96.247,3.9,1108.36,0.4,2215033.9,0.4,14.22,45.18
2016-10,1.25,96.379,3.8,1128.17,0.8,2232353.3,0.4,14.59,49.78
2016-11,1.25,96.237,3.7,1162.71,0.8,2255845.8,0.41,15.24,45.66
2016-12,1.25,96.342,3.5,1183.07,0.8,2265136.6,0.54,12.47,51.97
2017-01,1.25,97.366,3.5,1179.11,1.1,2274550.6,0.65,11.61,52.5
2017-02,1.25,97.632,3.9,1140.49,1.1,2282605.6,0.66,11.53,53.47
2017-03,1.25,97.565,3.6,1133.86,1.1,2294876.9,0.79,11.9,49.33
2017-04,1.25,97.442,3.8,1134.18,0.7,2310909.5,0.9,13.14,51.06
2017-05,1.25,97.546,3.5,1125.14,0.7,2321693.3,0.91,10.86,48.48
2017-06,1.25,97.338,3.7,1130.85,0.7,2324589.3,1.04,10.51,45.18
2017-07,1.25,97.499,3.6,1131.75,1.4,2339181.8,1.15,10.26,46.63
2017-08,1.25,98.058,4.0,1130.27,1.4,2354321.9,1.16,11.98,48.04
2017-09,1.25,98.172,3.7,1131.6,1.4,2357905.7,1.15,10.44,49.82
2017-10,1.25,98.077,3.7,1130.88,-0.2,2377964.0,1.15,10.13,51.58
2017-11,1.5,97.347,3.7,1099.79,-0.2,2393249.7,1.16,10.54,56.64
2017-12,1.5,97.698,3.6,1082.9,-0.2,2404905.7,1.3,10.26,57.88
2018-01,1.5,98.106,3.4,1065.64,1.5,2416728.8,1.41,11.06,63.7
2018-02,1.5,98.855,3.7,1078.47,1.5,2433495.6,1.42,22.46,62.23
2018-03,1.5,98.751,4.0,1069.94,1.5,2437719.2,1.51,19.02,62.72
2018-04,1.5,98.931,3.8,1068.05,0.8,2444524.3,1.69,18.27,66.25
2018-05,1.5,98.979,3.8,1076.66,0.8,2455881.4,1.7,14.12,69.98
2018-06,1.5,98.779,3.6,1094.36,0.8,2459364.0,1.82,13.68,67.87
2018-07,1.5,98.59,3.8,1122.2,0.5,2472679.0,1.91,13.15,70.98
2018-08,1.5,99.462,4.6,1120.43,0.5,2488391.7,1.91,12.55,68.06
2018-09,1.5,100.221,4.1,1119.82,0.5,2486251.4,1.95,12.91,70.23
2018-10,1.5,100.041,4.0,1131.62,0.6,2508905.0,2.19,19.35,70.75
2018-11,1.75,99.33,3.9,1125.35,0.6,2517948.1,2.2,19.39,56.96
2018-12,1.75,98.988,3.7,1122.42,0.6,2524352.2,2.27,24.95,49.52
2019-01,1.75,98.884,3.9,1120.33,0.1,2550186.4,2.4,19.57,51.38
2019-02,1.75,99.311,3.8,1121.83,0.1,2552413.4,2.4,15.23,54.95
2019-03,1.75,99.121,3.8,1131.6,0.1,2570410.5,2.41,14.49,58.15
2019-04,1.75,99.481,4.0,1142.17,1.3,2582127.4,2.42,12.95,63.86
2019-05,1.75,99.652,3.8,1182.95,1.3,2586775.9,2.39,16.72,60.83
2019-06,1.75,99.491,3.9,1173.78,1.3,2606774.3,2.38,15.84,54.66
2019-07,1.5,99.187,4.0,1177.23,0.2,2620523.2,2.4,13.31,57.36
2019-08,1.5,99.425,3.6,1210.38,0.2,2644959.4,2.13,18.98,54.81
2019-09,1.5,99.794,3.6,1194.11,0.2,2662001.2,2.04,15.56,56.95
2019-10,1.25,100.041,3.5,1183.45,1.0,2682026.6,1.83,15.47,53.96
2019-11,1.25,99.481,3.7,1167.3,1.0,2710328.8,1.55,12.52,57.05
2019-12,1.25,99.719,3.5,1174.71,1.0,2716614.0,1.55,13.76,59.82
2020-01,1.25,100.09,3.4,1167.46,-1.3,2743827.9,1.55,13.94,57.52
2020-02,1.25,100.16,3.4,1195.34,-1.3,2776793.5,1.58,19.63,50.54
2020-03,0.75,99.94,3.9,1218.19,-1.3,2798640.8,0.65,57.74,29.21
2020-04,0.75,99.5,3.9,1223.13,-2.7,2854169.7,0.05,41.45,16.55
2020-05,0.5,99.44,4.3,1228.13,-2.7,2898342.4,0.05,30.9,28.56
2020-06,0.5,99.71,4.2,1206.95,-2.7,2919411.8,0.08,31.12,38.31
2020-07,0.5,99.63,4.2,1198.62,2.2,2939115.7,0.09,26.84,40.71
2020-08,0.5,100.19,3.9,1186.86,2.2,2957901.9,0.1,22.89,42.34
2020-09,0.5,100.74,4.2,1176.86,2.2,2982103.5,0.09,27.65,39.63
2020-10,0.5,100.18,4.3,1143.77,1.6,3013051.7,0.09,29.44,39.4
2020-11,0.5,100.09,4.1,1116.1,1.6,3039765.8,0.09,25.0,40.94
2020-12,0.5,100.33,4.1,1093.79,1.6,3052959.4,0.09,22.37,47.03
2021-01,0.5,101.04,4.6,1098.24,1.5,3082103.7,0.09,24.91,52.01
2021-02,0.5,101.58,4.1,1111.81,1.5,3112805.6,0.08,23.14,59.05
2021-03,0.5,101.84,4.0,1130.25,1.5,3139751.8,0.07,21.84,62.33
2021-04,0.5,101.98,3.8,1117.86,1.4,3176515.7,0.07,17.42,61.72
2021-05,0.5,102.05,3.8,1123.66,1.4,3208328.8,0.06,19.76,65.17
2021-06,0.5,102.05,3.7,1122.61,1.4,3219485.9,0.08,16.96,71.38
2021-07,0.5,102.26,3.3,1146.39,0.0,3257056.3,0.1,17.6,72.49
2021-08,0.75,102.75,3.4,1160.99,0.0,3293240.3,0.09,17.47,67.73
2021-09,0.75,103.17,3.1,1172.82,0.0,3314910.6,0.08,19.82,71.65
2021-10,0.75,103.35,3.3,1181.89,1.6,3350841.4,0.08,17.87,81.48
2021-11,1.0,103.87,3.1,1184.06,1.6,3394545.9,0.08,18.5,79.15
2021-12,1.0,104.04,3.2,1183.89,1.6,3411438.0,0.08,21.35,71.71
2022-01,1.25,104.85,3.2,1196.03,0.4,3449516.3,0.08,23.18,83.22
2022-02,1.25,105.42,2.9,1199.12,0.4,3487090.3,0.08,25.75,91.64
2022-03,1.25,106.1,2.8,1220.84,0.4,3490107.7,0.2,26.97,108.5
2022-04,1.5,106.83,2.8,1235.15,0.9,3501103.0,0.33,24.37,101.78
2022-05,1.75,107.5,2.9,1268.81,0.9,3531043.0,0.77,29.31,109.55
2022-06,1.75,108.21,2.9,1277.41,0.9,3551521.2,1.21,28.23,114.84
2022-07,2.25,108.73,3.0,1308.03,0.5,3568802.1,1.68,25.0,101.62
2022-08,2.5,108.63,2.8,1319.41,0.5,3600817.0,2.33,22.17,93.67
2022-09,2.5,108.82,2.9,1396.37,0.5,3609736.9,2.56,27.34,84.26
2022-10,3.0,109.16,2.9,1426.07,-0.4,3632494.2,3.08,30.01,87.55
2022-11,3.25,109.07,2.8,1361.79,-0.4,3680544.2,3.78,23.3,84.37
2022-12,3.25,109.26,2.7,1293.56,-0.4,3682583.4,4.1,21.78,76.44
2023-01,3.5,110.07,2.7,1243.07,0.4,3690158.6,4.33,20.17,78.12
2023-02,3.5,110.33,2.7,1275.42,0.4,3695231.6,4.57,20.12,76.83
2023-03,3.5,110.52,2.7,1306.02,0.4,3682032.2,4.65,21.64,73.28
2023-04,3.5,110.77,2.6,1322.06,0.7,3668582.4,4.83,17.82,79.45
2023-05,3.5,111.13,2.5,1327.48,0.7,3660125.0,5.06,17.64,71.58
2023-06,3.5,111.16,2.6,1297.25,0.7,3677250.3,5.08,14.0,70.25
2023-07,3.5,111.29,2.9,1282.28,0.8,3706857.3,5.12,13.93,76.07
2023-08,3.5,112.28,2.7,1321.76,0.8,3705568.7,5.33,15.85,81.39
2023-09,3.5,112.85,2.8,1334.24,0.8,3711225.4,5.33,15.17,89.43
2023-10,3.5,113.27,2.6,1351.51,0.5,3725464.5,5.33,18.89,85.64
2023-11,3.5,112.68,2.8,1308.15,0.5,3753300.1,5.33,14.02,77.69
2023-12,3.5,112.73,2.8,1304.39,0.5,3746423.1,5.33,12.72,71.9
2024-01,3.5,113.17,2.8,1325.91,1.2,3737309.3,5.33,13.39,74.15
2024-02,3.5,113.78,2.7,1331.33,1.2,3762578.7,5.33,13.98,77.25
2024-03,3.5,113.95,2.8,1331.68,1.2,3804693.0,5.33,13.79,81.28
2024-04,3.5,114.01,2.8,1367.86,-0.2,3808175.6,5.33,16.14,85.35
2024-05,3.5,114.1,2.8,1364.72,-0.2,3809788.1,5.33,13.06,80.02
2024-06,3.5,113.84,2.8,1379.05,-0.2,3811231.6,5.33,12.67,79.77
2024-07,3.5,114.13,2.7,1382.05,0.1,3823839.5,5.33,14.37,81.8
2024-08,3.5,114.54,2.6,1351.44,0.1,3834303.6,5.33,19.31,76.68
2024-09,3.5,114.65,2.6,1330.7,0.1,3850412.1,5.13,17.66,70.24
2024-10,3.25,114.69,2.8,1362.37,0.1,3857079.5,4.83,19.96,71.99
2024-11,3.0,114.4,2.8,1395.02,0.1,3877862.7,4.64,16.02,69.95
2024-12,3.0,114.91,3.1,1440.0,0.1,3900070.9,4.48,15.87,70.12
2025-01,3.0,115.71,2.8,1452.19,-0.2,3923921.4,4.33,16.76,75.74
2025-02,2.75,116.08,2.8,1444.79,-0.2,3930083.5,4.33,16.97,71.53
2025-03,2.75,116.29,2.8,1458.35,-0.2,3914432.4,4.33,21.84,68.24
2025-04,2.75,116.38,2.7,1439.78,0.7,3930054.0,4.33,31.97,63.54
2025-05,2.5,116.27,2.7,1391.44,0.7,3955598.2,4.33,20.46,62.17
2025-06,2.5,116.31,2.7,1364.68,0.7,3975331.0,4.33,18.4,68.17
2025-07,2.5,116.52,2.7,1379.3,1.3,3994033.3,4.33,16.38,68.39
2025-08,2.5,116.45,2.8,1389.0,1.3,4038516.1,4.33,15.75,64.86
2025-09,2.5,117.06,2.7,1392.91,1.3,4059768.7,4.22,15.79,63.96
2025-10,2.5,117.42,2.7,1423.08,-0.2,4057900.5,4.09,18.09,60.89
2025-11,2.5,117.2,2.8,1459.88,-0.2,4062260.6,3.88,19.77,60.06
2025-12,2.5,117.57,3.3,1465.36,-0.2,4081265.9,3.72,15.55,57.97
2026-01,2.5,118.03,3.0,1455.5,1.7,4113407.1,3.64,16.18,60.04
2026-02,2.5,118.4,2.9,1447.29,1.7,4113574.4,3.64,19.21,64.51
2026-03,2.5,118.8,2.7,1490.52,1.7,4132066.9,3.64,25.6,91.38
2026-04,2.5,119.37,,1483.8,,,3.64,19.81,100.32
2026-05,2.5,119.92,,1488.4,,,3.63,17.24,102.13
2026-06,,,,,,,,,
