date,kr_base_rate,kr_cpi,kr_mortgage_rate,kr_m2,kr_gdp
2005-01,3.25,73.594,5.45,902992.8,0.9
2005-02,3.25,73.892,5.53,910391.0,
2005-03,3.25,74.338,5.48,922942.5,
2005-04,3.25,74.413,5.32,930989.1,1.9
2005-05,3.25,74.338,5.15,933697.1,
2005-06,3.25,74.114,5.13,939150.7,
2005-07,3.25,74.413,5.18,948372.8,1.4
2005-08,3.25,74.636,5.26,960979.0,
2005-09,3.25,75.008,5.36,957486.9,
2005-10,3.5,74.859,5.61,957390.9,1.1
2005-11,3.5,74.561,5.59,955328.2,
2005-12,3.75,74.785,5.6,960235.2,
2006-01,3.75,75.231,5.64,957326.7,1.6
2006-02,4.0,75.381,5.58,961576.6,
2006-03,4.0,75.827,5.46,965391.3,
2006-04,4.0,75.902,5.42,971394.3,0.7
2006-05,4.0,76.05,5.41,977381.9,
2006-06,4.25,75.902,5.48,987668.5,
2006-07,4.25,76.199,5.79,991033.5,1.6
2006-08,4.5,76.645,5.86,998024.7,
2006-09,4.5,76.868,5.77,1011962.9,
2006-10,4.5,76.496,5.69,1023316.4,0.8
2006-11,4.5,76.125,5.69,1030437.4,
2006-12,4.5,76.348,5.88,1041540.1,
2007-01,4.5,76.496,6.11,1049517.4,1.8
2007-02,4.5,77.017,6.18,1057158.9,
2007-03,4.5,77.464,6.2,1059549.0,
2007-04,4.5,77.761,6.13,1063156.2,1.7
2007-05,4.5,77.836,6.17,1064962.8,
2007-06,4.5,77.836,6.13,1075534.2,
2007-07,4.75,78.134,6.24,1077650.1,1.2
2007-08,5.0,78.208,6.38,1082976.6,
2007-09,5.0,78.655,6.52,1087170.4,
2007-10,5.0,78.803,6.55,1088167.2,2.0
2007-11,5.0,78.803,6.59,1089973.1,
2007-12,5.0,79.101,6.85,1097590.8,
2008-01,5.0,79.472,7.08,1105916.8,0.8
2008-02,5.0,79.771,6.72,1117083.7,
2008-03,5.0,80.515,6.7,1128670.7,
2008-04,5.0,80.962,6.8,1143956.6,0.4
2008-05,5.0,81.63,6.79,1159581.9,
2008-06,5.0,82.151,6.77,1175866.9,
2008-07,5.0,82.747,6.92,1190474.9,0.7
2008-08,5.25,82.598,7.16,1198210.2,
2008-09,5.25,82.673,7.25,1208134.1,
2008-10,4.25,82.598,7.58,1237588.2,-3.4
2008-11,4.0,82.375,7.42,1263562.7,
2008-12,3.0,82.375,6.81,1286922.8,
2009-01,2.5,82.45,5.63,1292462.7,0.3
2009-02,2.0,83.045,5.38,1303385.4,
2009-03,2.0,83.64,5.43,1315293.5,
2009-04,2.0,83.862,5.3,1329910.7,1.4
2009-05,2.0,83.862,5.25,1336604.2,
2009-06,2.0,83.788,5.25,1339126.0,
2009-07,2.0,84.086,5.29,1350651.5,3.1
2009-08,2.0,84.384,5.45,1380776.9,
2009-09,2.0,84.459,5.77,1384414.2,
2009-10,2.0,84.235,5.9,1394094.4,0.7
2009-11,2.0,84.384,5.87,1400475.5,
2009-12,2.0,84.682,5.9,1399323.9,
2010-01,2.0,85.351,5.88,1406577.5,2.3
2010-02,2.0,85.523,5.75,1425069.1,
2010-03,2.0,85.696,5.47,1435032.5,
2010-04,2.0,86.041,5.07,1448987.9,1.6
2010-05,2.0,86.128,4.78,1456909.3,
2010-06,2.0,86.041,4.62,1466581.2,
2010-07,2.25,86.214,4.7,1482417.4,1.0
2010-08,2.25,86.647,4.81,1488033.3,
2010-09,2.25,87.337,4.8,1495141.5,
2010-10,2.25,87.337,4.74,1498033.9,1.4
2010-11,2.5,86.906,4.65,1506545.1,
2010-12,2.5,87.251,4.67,1516914.0,
2011-01,2.75,88.288,4.8,1520642.1,1.0
2011-02,2.75,88.892,4.86,1521655.1,
2011-03,3.0,89.238,4.89,1530223.2,
2011-04,3.0,89.325,4.88,1539009.1,0.4
2011-05,3.0,89.497,4.9,1547725.2,
2011-06,3.25,89.67,4.87,1550022.4,
2011-07,3.25,90.102,4.9,1555990.0,0.5
2011-08,3.25,90.707,4.97,1571378.8,
2011-09,3.25,90.62,5.0,1579257.0,
2011-10,3.25,90.448,5.01,1597926.7,0.7
2011-11,3.25,90.534,5.01,1603013.1,
2011-12,3.25,90.879,4.95,1599168.0,
2012-01,3.25,91.242,5.06,1603967.0,1.0
2012-02,3.25,91.588,5.02,1612098.2,
2012-03,3.25,91.614,5.0,1618320.7,
2012-04,3.25,91.605,4.94,1629427.9,0.4
2012-05,3.25,91.769,4.85,1633889.0,
2012-06,3.25,91.639,4.76,1647303.9,
2012-07,3.0,91.432,4.64,1655328.1,0.4
2012-08,3.0,91.855,4.41,1665020.0,
2012-09,3.0,92.512,4.29,1665281.6,
2012-10,2.75,92.339,4.23,1676747.9,0.7
2012-11,2.75,92.011,4.19,1675811.9,
2012-12,2.75,92.175,4.16,1686156.0,
2013-01,2.75,92.728,4.17,1698131.6,0.8
2013-02,2.75,93.038,4.06,1711076.9,
2013-03,2.75,92.952,3.97,1718308.7,
2013-04,2.75,92.823,3.86,1717442.2,1.1
2013-05,2.5,92.823,3.77,1723903.5,
2013-06,2.5,92.71,3.73,1735168.6,
2013-07,2.5,92.909,3.77,1733115.5,1.0
2013-08,2.5,93.238,3.8,1739717.8,
2013-09,2.5,93.419,3.82,1761110.1,
2013-10,2.5,93.134,3.81,1767779.4,0.9
2013-11,2.5,93.116,3.77,1782729.9,
2013-12,2.5,93.229,3.74,1795257.0,
2014-01,2.5,93.73,3.75,1799846.9,0.8
2014-02,2.5,93.98,3.71,1814781.0,
2014-03,2.5,94.153,3.69,1826090.4,
2014-04,2.5,94.214,3.69,1830800.0,0.9
2014-05,2.5,94.369,3.63,1847499.7,
2014-06,2.5,94.248,3.58,1858233.6,
2014-07,2.5,94.386,3.53,1869730.2,0.3
2014-08,2.25,94.551,3.5,1891814.7,
2014-09,2.25,94.49,3.5,1901679.4,
2014-10,2.0,94.205,3.38,1912477.6,0.5
2014-11,2.0,94.015,3.3,1935697.0,
2014-12,2.0,94.006,3.33,1946213.6,
2015-01,2.0,94.643,3.34,1949424.5,0.9
2015-02,2.0,94.587,3.24,1966543.7,
2015-03,1.75,94.596,2.97,1983317.2,
2015-04,1.75,94.625,2.81,2006484.3,0.4
2015-05,1.75,94.89,3.06,2018864.2,
2015-06,1.5,94.909,3.01,2028091.1,
2015-07,1.5,95.08,2.96,2046768.0,1.5
2015-08,1.5,95.213,2.94,2058804.8,
2015-09,1.5,94.966,2.92,2069757.1,
2015-10,1.5,94.966,2.9,2076050.9,0.8
2015-11,1.5,94.786,3.04,2084185.5,
2015-12,1.5,95.07,3.12,2094647.7,
2016-01,1.5,95.232,3.1,2112089.3,0.4
2016-02,1.5,95.64,2.99,2129784.1,
2016-03,1.5,95.393,2.97,2136613.8,
2016-04,1.5,95.573,2.93,2145385.9,1.3
2016-05,1.5,95.63,2.89,2163643.3,
2016-06,1.25,95.611,2.77,2178064.5,
2016-07,1.25,95.431,2.66,2193889.4,0.4
2016-08,1.25,95.677,2.7,2212930.6,
2016-09,1.25,96.247,2.8,2215033.9,
2016-10,1.25,96.379,2.89,2232353.3,0.8
2016-11,1.25,96.237,3.04,2255845.8,
2016-12,1.25,96.342,3.13,2265136.6,
2017-01,1.25,97.366,3.16,2274550.6,1.1
2017-02,1.25,97.632,3.19,2282605.6,
2017-03,1.25,97.565,3.21,2294876.9,
2017-04,1.25,97.442,3.21,2310909.5,0.7
2017-05,1.25,97.546,3.26,2321693.3,
2017-06,1.25,97.338,3.22,2324589.3,
2017-07,1.25,97.499,3.28,2339181.8,1.4
2017-08,1.25,98.058,3.28,2354321.9,
2017-09,1.25,98.172,3.24,2357905.7,
2017-10,1.25,98.077,3.33,2377964.0,-0.2
2017-11,1.5,97.347,3.39,2393249.7,
2017-12,1.5,97.698,3.42,2404905.7,
2018-01,1.5,98.106,3.47,2416728.8,1.5
2018-02,1.5,98.855,3.46,2433495.6,
2018-03,1.5,98.751,3.45,2437719.2,
2018-04,1.5,98.931,3.47,2444524.3,0.8
2018-05,1.5,98.979,3.49,2455881.4,
2018-06,1.5,98.779,3.46,2459364.0,
2018-07,1.5,98.59,3.44,2472679.0,0.5
2018-08,1.5,99.462,3.36,2488391.7,
2018-09,1.5,100.221,3.29,2486251.4,
2018-10,1.5,100.041,3.31,2508905.0,0.6
2018-11,1.75,99.33,3.28,2517948.1,
2018-12,1.75,98.988,3.19,2524352.2,
2019-01,1.75,98.884,3.12,2550186.4,0.1
2019-02,1.75,99.311,3.08,2552413.4,
2019-03,1.75,99.121,3.04,2570410.5,
2019-04,1.75,99.481,2.98,2582127.4,1.3
2019-05,1.75,99.652,2.93,2586775.9,
2019-06,1.75,99.491,2.74,2606774.3,
2019-07,1.5,99.187,2.64,2620523.2,0.2
2019-08,1.5,99.425,2.47,2644959.4,
2019-09,1.5,99.794,2.51,2662001.2,
2019-10,1.25,100.041,2.5,2682026.6,1.0
2019-11,1.25,99.481,2.45,2710328.8,
2019-12,1.25,99.719,2.45,2716614.0,
2020-01,1.25,100.09,2.51,2743827.9,-1.3
2020-02,1.25,100.16,2.52,2776793.5,
2020-03,0.75,99.94,2.48,2798640.8,
2020-04,0.75,99.5,2.58,2854169.7,-2.7
2020-05,0.5,99.44,2.52,2898342.4,
2020-06,0.5,99.71,2.49,2919411.8,
2020-07,0.5,99.63,2.45,2939115.7,2.2
2020-08,0.5,100.19,2.39,2957901.9,
2020-09,0.5,100.74,2.44,2982103.5,
2020-10,0.5,100.18,2.47,3013051.7,1.6
2020-11,0.5,100.09,2.56,3039765.8,
2020-12,0.5,100.33,2.59,3052959.4,
2021-01,0.5,101.04,2.63,3082103.7,1.5
2021-02,0.5,101.58,2.66,3112805.6,
2021-03,0.5,101.84,2.73,3139751.8,
2021-04,0.5,101.98,2.73,3176515.7,1.4
2021-05,0.5,102.05,2.69,3208328.8,
2021-06,0.5,102.05,2.74,3219485.9,
2021-07,0.5,102.26,2.81,3257056.3,0.0
2021-08,0.75,102.75,2.88,3293240.3,
2021-09,0.75,103.17,3.01,3314910.6,
2021-10,0.75,103.35,3.26,3350841.4,1.6
2021-11,1.0,103.87,3.51,3394545.9,
2021-12,1.0,104.04,3.63,3411438.0,
2022-01,1.25,104.85,3.85,3449516.3,0.4
2022-02,1.25,105.42,3.88,3487090.3,
2022-03,1.25,106.1,3.84,3490107.7,
2022-04,1.5,106.83,3.9,3501103.0,0.9
2022-05,1.75,107.5,3.9,3531043.0,
2022-06,1.75,108.21,4.04,3551521.2,
2022-07,2.25,108.73,4.16,3568802.1,0.5
2022-08,2.5,108.63,4.35,3600817.0,
2022-09,2.5,108.82,4.79,3609736.9,
2022-10,3.0,109.16,4.82,3632494.2,-0.4
2022-11,3.25,109.07,4.74,3680544.2,
2022-12,3.25,109.26,4.63,3682583.4,
2023-01,3.5,110.07,4.58,3690158.6,0.4
2023-02,3.5,110.33,4.56,3695231.6,
2023-03,3.5,110.52,4.4,3682032.2,
2023-04,3.5,110.77,4.24,3668582.4,0.7
2023-05,3.5,111.13,4.21,3660125.0,
2023-06,3.5,111.16,4.26,3677250.3,
2023-07,3.5,111.29,4.28,3706857.3,0.8
2023-08,3.5,112.28,4.31,3705568.7,
2023-09,3.5,112.85,4.35,3711225.4,
2023-10,3.5,113.27,4.56,3725464.5,0.5
2023-11,3.5,112.68,4.48,3753300.1,
2023-12,3.5,112.73,4.16,3746423.1,
2024-01,3.5,113.17,3.99,3737309.3,1.2
2024-02,3.5,113.78,3.96,3762578.7,
2024-03,3.5,113.95,3.94,3804693.0,
2024-04,3.5,114.01,3.93,3808175.6,-0.2
2024-05,3.5,114.1,3.91,3809788.1,
2024-06,3.5,113.84,3.71,3811231.6,
2024-07,3.5,114.13,3.5,3823839.5,0.1
2024-08,3.5,114.54,3.51,3834303.6,
2024-09,3.5,114.65,3.74,3850412.1,
2024-10,3.25,114.69,4.05,3857079.5,0.1
2024-11,3.0,114.4,4.3,3877862.7,
2024-12,3.0,114.91,4.25,3900070.9,
2025-01,3.0,115.71,4.27,3923921.4,-0.2
2025-02,2.75,116.08,4.23,3930083.5,
2025-03,2.75,116.29,4.17,3914432.4,
2025-04,2.75,116.38,3.98,3930054.0,0.7
2025-05,2.5,116.27,3.87,3955598.2,
2025-06,2.5,116.31,3.93,3975331.0,
2025-07,2.5,116.52,3.96,3994033.3,1.3
2025-08,2.5,116.45,3.96,4038516.1,
2025-09,2.5,117.06,3.96,4059768.7,
2025-10,2.5,117.42,3.98,4057900.5,-0.2
2025-11,2.5,117.2,4.17,4062260.6,
2025-12,2.5,117.57,4.23,4081265.9,
2026-01,2.5,118.03,4.29,4113407.1,1.7
2026-02,2.5,118.4,4.32,4113574.4,
2026-03,2.5,118.8,4.34,4132066.9,
2026-04,2.5,119.37,4.31,,
2026-05,2.5,119.92,,,
