date,kr_usd_exchange,vix,wti_oil,us_fed_rate,kr_unemployment
2005-01,1037.98,13.44,46.84,2.28,3.9
2005-02,1023.11,11.71,48.15,2.5,3.7
2005-03,1007.78,13.13,54.19,2.63,3.7
2005-04,1010.07,14.46,52.98,2.79,3.7
2005-05,1001.84,13.97,49.83,3.0,3.7
2005-06,1012.46,11.87,56.35,3.04,3.8
2005-07,1036.56,11.05,59.0,3.26,3.7
2005-08,1021.68,12.95,64.99,3.5,3.6
2005-09,1029.84,12.63,65.59,3.62,3.9
2005-10,1045.88,14.94,62.26,3.78,3.9
2005-11,1040.76,12.15,58.32,4.0,3.6
2005-12,1022.38,11.26,59.41,4.16,3.5
2006-01,981.44,12.04,65.49,4.29,3.4
2006-02,969.84,12.47,61.63,4.49,3.6
2006-03,974.71,11.69,62.69,4.59,3.6
2006-04,952.6,11.85,69.44,4.79,3.5
2006-05,940.82,14.45,70.84,4.94,3.4
2006-06,954.45,16.92,70.95,4.99,3.5
2006-07,950.81,15.33,74.41,5.24,3.5
2006-08,960.95,13.35,73.04,5.25,3.5
2006-09,952.29,12.18,63.8,5.25,3.5
2006-10,952.64,11.31,58.89,5.25,3.6
2006-11,935.41,10.82,59.08,5.25,3.5
2006-12,924.98,10.96,61.96,5.24,3.4
2007-01,936.76,11.04,54.51,5.25,3.4
2007-02,936.9,11.16,59.28,5.26,3.2
2007-03,942.88,15.16,60.44,5.26,3.2
2007-04,930.69,12.93,63.98,5.25,3.3
2007-05,927.56,13.3,63.45,5.25,3.3
2007-06,927.87,14.95,67.49,5.25,3.2
2007-07,918.12,17.27,74.12,5.26,3.3
2007-08,934.48,25.03,72.36,5.02,3.2
2007-09,928.6,22.2,79.91,4.94,3.2
2007-10,914.94,19.12,85.8,4.76,3.2
2007-11,918.81,25.58,94.77,4.49,3.3
2007-12,931.1,21.65,91.69,4.24,3.1
2008-01,942.06,25.82,92.97,3.94,3.0
2008-02,944.01,25.46,95.39,2.98,3.0
2008-03,981.73,27.1,105.45,2.61,3.0
2008-04,986.86,21.56,112.58,2.28,3.1
2008-05,1034.13,18.3,125.4,1.98,3.2
2008-06,1031.49,22.11,133.88,2.0,3.1
2008-07,1015.05,24.32,133.37,2.01,3.1
2008-08,1046.11,20.7,116.67,2.0,3.3
2008-09,1134.87,30.24,104.11,1.81,3.2
2008-10,1329.19,61.18,76.61,0.97,3.3
2008-11,1398.7,62.67,57.31,0.39,3.4
2008-12,1361.57,52.41,41.12,0.16,3.4
2009-01,1354.4,44.68,41.71,0.15,3.3
2009-02,1439.58,45.57,39.09,0.22,3.3
2009-03,1449.62,44.8,47.94,0.18,3.5
2009-04,1332.13,38.06,49.65,0.15,3.7
2009-05,1254.35,31.98,59.03,0.18,3.9
2009-06,1259.29,29.14,69.64,0.21,3.9
2009-07,1259.67,26.16,64.15,0.16,3.8
2009-08,1239.0,25.34,71.04,0.16,3.9
2009-09,1211.86,24.93,69.41,0.15,3.6
2009-10,1173.74,24.25,75.72,0.12,3.6
2009-11,1162.84,23.79,77.99,0.12,3.7
2009-12,1163.31,21.24,74.47,0.12,3.6
2010-01,1138.19,20.64,78.33,0.11,4.7
2010-02,1155.66,22.54,76.39,0.13,4.0
2010-03,1136.08,17.77,81.2,0.16,3.6
2010-04,1115.46,17.42,84.29,0.2,3.6
2010-05,1164.84,31.93,73.74,0.2,3.3
2010-06,1214.11,29.92,75.34,0.18,3.5
2010-07,1203.81,25.57,76.32,0.18,3.8
2010-08,1179.52,24.75,76.6,0.19,3.5
2010-09,1159.93,22.52,75.24,0.19,3.7
2010-10,1121.94,20.37,81.89,0.19,3.7
2010-11,1129.62,20.1,84.25,0.19,3.3
2010-12,1145.48,17.57,89.15,0.18,3.7
2011-01,1118.87,17.32,89.17,0.17,3.6
2011-02,1117.44,17.43,88.58,0.16,3.6
2011-03,1119.27,20.72,102.86,0.14,3.7
2011-04,1083.18,16.24,109.53,0.1,3.5
2011-05,1084.36,16.91,100.9,0.09,3.3
2011-06,1080.45,19.15,96.26,0.09,3.3
2011-07,1057.43,19.23,97.3,0.07,3.4
2011-08,1073.89,35.03,86.33,0.1,3.2
2011-09,1121.91,36.53,85.52,0.08,3.3
2011-10,1150.69,32.83,86.32,0.07,3.3
2011-11,1133.48,31.94,97.16,0.08,3.3
2011-12,1148.13,25.05,98.56,0.07,3.2
2012-01,1140.33,20.23,100.27,0.08,3.3
2012-02,1122.69,18.42,102.2,0.1,3.3
2012-03,1126.17,16.17,106.16,0.13,3.3
2012-04,1135.02,17.82,103.32,0.14,3.3
2012-05,1156.69,21.0,94.65,0.16,3.2
2012-06,1163.39,21.13,82.3,0.16,3.2
2012-07,1142.28,17.57,87.9,0.16,3.2
2012-08,1131.75,15.69,94.13,0.13,3.2
2012-09,1122.99,15.28,94.51,0.14,3.2
2012-10,1105.38,16.28,89.49,0.16,3.1
2012-11,1086.95,16.7,86.53,0.16,3.2
2012-12,1075.22,17.31,87.86,0.16,3.2
2013-01,1066.52,13.51,94.76,0.14,3.2
2013-02,1087.31,14.07,95.31,0.15,3.1
2013-03,1102.87,13.03,92.94,0.14,3.0
2013-04,1120.9,13.97,92.02,0.15,3.0
2013-05,1111.49,13.49,94.51,0.11,3.1
2013-06,1135.01,17.27,95.77,0.09,3.1
2013-07,1125.03,13.97,104.67,0.09,3.2
2013-08,1115.94,14.21,106.57,0.08,3.2
2013-09,1082.31,14.69,106.29,0.08,3.0
2013-10,1065.86,15.41,100.54,0.09,3.1
2013-11,1061.56,12.92,93.86,0.08,3.1
2013-12,1055.63,14.19,97.63,0.09,3.3
2014-01,1067.13,14.24,94.62,0.07,3.3
2014-02,1071.31,15.47,100.82,0.07,3.5
2014-03,1070.49,14.84,100.8,0.08,3.4
2014-04,1042.64,14.2,102.07,0.09,3.6
2014-05,1024.79,12.48,102.18,0.09,3.5
2014-06,1018.74,11.54,105.79,0.1,3.5
2014-07,1021.03,12.3,103.59,0.09,3.5
2014-08,1024.55,13.49,96.54,0.09,3.5
2014-09,1035.89,13.47,93.21,0.09,3.5
2014-10,1060.34,18.06,84.4,0.09,3.6
2014-11,1097.87,13.41,75.79,0.09,3.6
2014-12,1102.62,16.29,59.29,0.12,3.7
2015-01,1088.13,19.12,47.22,0.11,3.6
2015-02,1101.46,15.9,50.58,0.11,3.5
2015-03,1112.9,14.81,47.82,0.11,3.5
2015-04,1084.67,13.49,54.45,0.12,3.6
2015-05,1092.64,13.34,59.27,0.12,3.6
2015-06,1112.88,14.34,59.82,0.13,3.8
2015-07,1146.55,14.35,50.9,0.13,3.8
2015-08,1178.14,19.43,42.87,0.14,3.6
2015-09,1184.33,24.38,45.48,0.14,3.5
2015-10,1143.2,16.79,46.22,0.12,3.5
2015-11,1153.47,16.21,42.44,0.12,3.6
2015-12,1169.95,18.03,37.19,0.24,3.5
2016-01,1203.32,23.72,31.68,0.34,3.6
2016-02,1216.23,22.52,30.32,0.38,3.8
2016-03,1181.57,15.85,37.55,0.36,3.7
2016-04,1145.8,14.3,40.76,0.37,3.6
2016-05,1173.79,14.85,46.71,0.37,3.5
2016-06,1165.2,17.77,48.76,0.38,3.6
2016-07,1140.87,13.16,44.65,0.39,3.6
2016-08,1110.02,12.4,44.72,0.4,3.9
2016-09,1108.36,14.22,45.18,0.4,3.9
2016-10,1128.17,14.59,49.78,0.4,3.8
2016-11,1162.71,15.24,45.66,0.41,3.7
2016-12,1183.07,12.47,51.97,0.54,3.5
2017-01,1179.11,11.61,52.5,0.65,3.5
2017-02,1140.49,11.53,53.47,0.66,3.9
2017-03,1133.86,11.9,49.33,0.79,3.6
2017-04,1134.18,13.14,51.06,0.9,3.8
2017-05,1125.14,10.86,48.48,0.91,3.5
2017-06,1130.85,10.51,45.18,1.04,3.7
2017-07,1131.75,10.26,46.63,1.15,3.6
2017-08,1130.27,11.98,48.04,1.16,4.0
2017-09,1131.6,10.44,49.82,1.15,3.7
2017-10,1130.88,10.13,51.58,1.15,3.7
2017-11,1099.79,10.54,56.64,1.16,3.7
2017-12,1082.9,10.26,57.88,1.3,3.6
2018-01,1065.64,11.06,63.7,1.41,3.4
2018-02,1078.47,22.46,62.23,1.42,3.7
2018-03,1069.94,19.02,62.72,1.51,4.0
2018-04,1068.05,18.27,66.25,1.69,3.8
2018-05,1076.66,14.12,69.98,1.7,3.8
2018-06,1094.36,13.68,67.87,1.82,3.6
2018-07,1122.2,13.15,70.98,1.91,3.8
2018-08,1120.43,12.55,68.06,1.91,4.6
2018-09,1119.82,12.91,70.23,1.95,4.1
2018-10,1131.62,19.35,70.75,2.19,4.0
2018-11,1125.35,19.39,56.96,2.2,3.9
2018-12,1122.42,24.95,49.52,2.27,3.7
2019-01,1120.33,19.57,51.38,2.4,3.9
2019-02,1121.83,15.23,54.95,2.4,3.8
2019-03,1131.6,14.49,58.15,2.41,3.8
2019-04,1142.17,12.95,63.86,2.42,4.0
2019-05,1182.95,16.72,60.83,2.39,3.8
2019-06,1173.78,15.84,54.66,2.38,3.9
2019-07,1177.23,13.31,57.36,2.4,4.0
2019-08,1210.38,18.98,54.81,2.13,3.6
2019-09,1194.11,15.56,56.95,2.04,3.6
2019-10,1183.45,15.47,53.96,1.83,3.5
2019-11,1167.3,12.52,57.05,1.55,3.7
2019-12,1174.71,13.76,59.82,1.55,3.5
2020-01,1167.46,13.94,57.52,1.55,3.4
2020-02,1195.34,19.63,50.54,1.58,3.4
2020-03,1218.19,57.74,29.21,0.65,3.9
2020-04,1223.13,41.45,16.55,0.05,3.9
2020-05,1228.13,30.9,28.56,0.05,4.3
2020-06,1206.95,31.12,38.31,0.08,4.2
2020-07,1198.62,26.84,40.71,0.09,4.2
2020-08,1186.86,22.89,42.34,0.1,3.9
2020-09,1176.86,27.65,39.63,0.09,4.2
2020-10,1143.77,29.44,39.4,0.09,4.3
2020-11,1116.1,25.0,40.94,0.09,4.1
2020-12,1093.79,22.37,47.03,0.09,4.1
2021-01,1098.24,24.91,52.01,0.09,4.6
2021-02,1111.81,23.14,59.05,0.08,4.1
2021-03,1130.25,21.84,62.33,0.07,4.0
2021-04,1117.86,17.42,61.72,0.07,3.8
2021-05,1123.66,19.76,65.17,0.06,3.8
2021-06,1122.61,16.96,71.38,0.08,3.7
2021-07,1146.39,17.6,72.49,0.1,3.3
2021-08,1160.99,17.47,67.73,0.09,3.4
2021-09,1172.82,19.82,71.65,0.08,3.1
2021-10,1181.89,17.87,81.48,0.08,3.3
2021-11,1184.06,18.5,79.15,0.08,3.1
2021-12,1183.89,21.35,71.71,0.08,3.2
2022-01,1196.03,23.18,83.22,0.08,3.2
2022-02,1199.12,25.75,91.64,0.08,2.9
2022-03,1220.84,26.97,108.5,0.2,2.8
2022-04,1235.15,24.37,101.78,0.33,2.8
2022-05,1268.81,29.31,109.55,0.77,2.9
2022-06,1277.41,28.23,114.84,1.21,2.9
2022-07,1308.03,25.0,101.62,1.68,3.0
2022-08,1319.41,22.17,93.67,2.33,2.8
2022-09,1396.37,27.34,84.26,2.56,2.9
2022-10,1426.07,30.01,87.55,3.08,2.9
2022-11,1361.79,23.3,84.37,3.78,2.8
2022-12,1293.56,21.78,76.44,4.1,2.7
2023-01,1243.07,20.17,78.12,4.33,2.7
2023-02,1275.42,20.12,76.83,4.57,2.7
2023-03,1306.02,21.64,73.28,4.65,2.7
2023-04,1322.06,17.82,79.45,4.83,2.6
2023-05,1327.48,17.64,71.58,5.06,2.5
2023-06,1297.25,14.0,70.25,5.08,2.6
2023-07,1282.28,13.93,76.07,5.12,2.9
2023-08,1321.76,15.85,81.39,5.33,2.7
2023-09,1334.24,15.17,89.43,5.33,2.8
2023-10,1351.51,18.89,85.64,5.33,2.6
2023-11,1308.15,14.02,77.69,5.33,2.8
2023-12,1304.39,12.72,71.9,5.33,2.8
2024-01,1325.91,13.39,74.15,5.33,2.8
2024-02,1331.33,13.98,77.25,5.33,2.7
2024-03,1331.68,13.79,81.28,5.33,2.8
2024-04,1367.86,16.14,85.35,5.33,2.8
2024-05,1364.72,13.06,80.02,5.33,2.8
2024-06,1379.05,12.67,79.77,5.33,2.8
2024-07,1382.05,14.37,81.8,5.33,2.7
2024-08,1351.44,19.31,76.68,5.33,2.6
2024-09,1330.7,17.66,70.24,5.13,2.6
2024-10,1362.37,19.96,71.99,4.83,2.8
2024-11,1395.02,16.02,69.95,4.64,2.8
2024-12,1440.0,15.87,70.12,4.48,3.1
2025-01,1452.19,16.76,75.74,4.33,2.8
2025-02,1444.79,16.97,71.53,4.33,2.8
2025-03,1458.35,21.84,68.24,4.33,2.8
2025-04,1439.78,31.97,63.54,4.33,2.7
2025-05,1391.44,20.46,62.17,4.33,2.7
2025-06,1364.68,18.4,68.17,4.33,2.7
2025-07,1379.3,16.38,68.39,4.33,2.7
2025-08,1389.0,15.75,64.86,4.33,2.8
2025-09,1392.91,15.79,63.96,4.22,2.7
2025-10,1423.08,18.09,60.89,4.09,2.7
2025-11,1459.88,19.77,60.06,3.88,2.8
2025-12,1465.36,15.55,57.97,3.72,3.3
2026-01,1455.5,16.18,60.04,3.64,3.0
2026-02,1447.29,19.21,64.51,3.64,2.9
2026-03,1490.52,25.6,91.38,3.64,2.7
2026-04,1483.8,19.81,100.32,3.64,
2026-05,1488.4,17.24,103.91,3.63,
