id,password,role,name,email,number,branch,status,position,start_date,birth_date
manager_b1,pwd_manager_b1,admin,김시우,manager_b1@example.com,010-8262-1949,1,재직,지점장,2023-01-18,1980-11-01
leader_b1_1,pwd_leader_b1_1,admin,강건우,leader_b1_1@example.com,010-6866-4031,1,재직,팀장,2023-06-26,1988-04-27
leader_b1_2,pwd_leader_b1_2,admin,권서현,leader_b1_2@example.com,010-8799-3573,1,재직,팀장,2023-06-18,1985-03-04
leader_b1_3,pwd_leader_b1_3,admin,황주원,leader_b1_3@example.com,010-7399-2571,1,재직,팀장,2023-06-26,1983-12-03
pb_b1_1,pwd_pb_b1_1,user,안수현,pb_b1_1@example.com,010-2094-5614,1,재직,PB,2024-01-20,1993-11-05
pb_b1_2,pwd_pb_b1_2,user,임태양,pb_b1_2@example.com,010-6901-1075,1,재직,PB,2024-01-16,1997-05-06
pb_b1_3,pwd_pb_b1_3,user,임주원,pb_b1_3@example.com,010-8109-8609,1,재직,PB,2024-01-27,1993-03-12
pb_b1_4,pwd_pb_b1_4,user,김예준,pb_b1_4@example.com,010-8396-7473,1,재직,PB,2024-01-17,1996-06-27
pb_b1_5,pwd_pb_b1_5,user,최수빈,pb_b1_5@example.com,010-7981-1813,1,재직,PB,2024-01-17,1991-09-26
pb_b1_6,pwd_pb_b1_6,user,신재원,pb_b1_6@example.com,010-8142-8092,1,재직,PB,2024-01-26,1991-03-01
pb_b1_7,pwd_pb_b1_7,user,신승우,pb_b1_7@example.com,010-2480-1001,1,재직,PB,2024-01-25,1996-08-13
pb_b1_8,pwd_pb_b1_8,user,한하은,pb_b1_8@example.com,010-4996-7837,1,재직,PB,2024-01-21,1997-06-03
pb_b1_9,pwd_pb_b1_9,user,최예준,pb_b1_9@example.com,010-5006-2335,1,재직,PB,2024-01-22,1989-09-04
pb_b1_10,pwd_pb_b1_10,user,안윤서,pb_b1_10@example.com,010-3660-6065,1,재직,PB,2024-01-16,1997-11-03
manager_b2,pwd_manager_b2,admin,정서하,manager_b2@example.com,010-9215-2820,2,재직,지점장,2023-01-11,1983-06-13
leader_b2_1,pwd_leader_b2_1,admin,장수현,leader_b2_1@example.com,010-4420-4690,2,재직,팀장,2023-06-14,1982-12-11
leader_b2_2,pwd_leader_b2_2,admin,강소율,leader_b2_2@example.com,010-3263-1321,2,재직,팀장,2023-06-10,1984-02-28
leader_b2_3,pwd_leader_b2_3,admin,유재원,leader_b2_3@example.com,010-1442-9864,2,재직,팀장,2023-06-16,1988-11-02
pb_b2_1,pwd_pb_b2_1,user,유민준,pb_b2_1@example.com,010-5393-2598,2,재직,PB,2024-01-12,1996-11-22
pb_b2_2,pwd_pb_b2_2,user,송소율,pb_b2_2@example.com,010-1449-7259,2,재직,PB,2024-01-13,1992-02-10
pb_b2_3,pwd_pb_b2_3,user,서서준,pb_b2_3@example.com,010-8019-2821,2,재직,PB,2024-01-26,1994-07-18
pb_b2_4,pwd_pb_b2_4,user,김민서,pb_b2_4@example.com,010-7814-6062,2,재직,PB,2024-01-16,1994-12-11
pb_b2_5,pwd_pb_b2_5,user,정승우,pb_b2_5@example.com,010-8317-4502,2,재직,PB,2024-01-15,1992-10-20
pb_b2_6,pwd_pb_b2_6,user,임지원,pb_b2_6@example.com,010-3516-1271,2,재직,PB,2024-01-13,1994-07-23
pb_b2_7,pwd_pb_b2_7,user,전하준,pb_b2_7@example.com,010-9512-3403,2,재직,PB,2024-01-11,1992-05-23
pb_b2_8,pwd_pb_b2_8,user,조서하,pb_b2_8@example.com,010-6947-8409,2,재직,PB,2024-01-19,1991-11-12
pb_b2_9,pwd_pb_b2_9,user,강서하,pb_b2_9@example.com,010-5164-4365,2,재직,PB,2024-01-21,1990-11-11
pb_b2_10,pwd_pb_b2_10,user,유다은,pb_b2_10@example.com,010-7600-2793,2,재직,PB,2024-01-17,1989-03-27
manager_b3,pwd_manager_b3,admin,강수현,manager_b3@example.com,010-7345-8069,3,재직,지점장,2023-01-14,1977-02-27
leader_b3_1,pwd_leader_b3_1,admin,한지원,leader_b3_1@example.com,010-2291-3088,3,재직,팀장,2023-06-24,1983-09-24
leader_b3_2,pwd_leader_b3_2,admin,신우진,leader_b3_2@example.com,010-6264-1898,3,재직,팀장,2023-06-27,1985-03-28
leader_b3_3,pwd_leader_b3_3,admin,신지아,leader_b3_3@example.com,010-7383-9838,3,재직,팀장,2023-06-16,1985-08-17
pb_b3_1,pwd_pb_b3_1,user,이서준,pb_b3_1@example.com,010-3536-5759,3,재직,PB,2024-01-23,1996-06-20
pb_b3_2,pwd_pb_b3_2,user,조태양,pb_b3_2@example.com,010-5645-4995,3,재직,PB,2024-01-26,1996-01-12
pb_b3_3,pwd_pb_b3_3,user,최하은,pb_b3_3@example.com,010-2712-6986,3,재직,PB,2024-01-16,1994-02-02
pb_b3_4,pwd_pb_b3_4,user,임수현,pb_b3_4@example.com,010-2434-7937,3,재직,PB,2024-01-28,1996-08-04
pb_b3_5,pwd_pb_b3_5,user,장승현,pb_b3_5@example.com,010-1422-8673,3,재직,PB,2024-01-13,1993-09-08
pb_b3_6,pwd_pb_b3_6,user,오지원,pb_b3_6@example.com,010-1629-9180,3,재직,PB,2024-01-21,1996-04-12
pb_b3_7,pwd_pb_b3_7,user,박준우,pb_b3_7@example.com,010-8753-8486,3,재직,PB,2024-01-25,1994-05-17
pb_b3_8,pwd_pb_b3_8,user,임승우,pb_b3_8@example.com,010-3070-7716,3,재직,PB,2024-01-18,1997-04-09
pb_b3_9,pwd_pb_b3_9,user,오건우,pb_b3_9@example.com,010-8060-5716,3,재직,PB,2024-01-22,1991-04-27
pb_b3_10,pwd_pb_b3_10,user,김건우,pb_b3_10@example.com,010-4128-5832,3,재직,PB,2024-01-21,1991-08-21
manager_b4,pwd_manager_b4,admin,정지아,manager_b4@example.com,010-2291-2929,4,재직,지점장,2023-01-15,1983-04-24
leader_b4_1,pwd_leader_b4_1,admin,안민준,leader_b4_1@example.com,010-4699-9102,4,재직,팀장,2023-06-10,1986-06-17
leader_b4_2,pwd_leader_b4_2,admin,윤민서,leader_b4_2@example.com,010-6547-2138,4,재직,팀장,2023-06-13,1987-10-27
leader_b4_3,pwd_leader_b4_3,admin,장승우,leader_b4_3@example.com,010-6888-9928,4,재직,팀장,2023-06-19,1986-10-08
pb_b4_1,pwd_pb_b4_1,user,전수빈,pb_b4_1@example.com,010-7823-5026,4,재직,PB,2024-01-12,1989-02-03
pb_b4_2,pwd_pb_b4_2,user,이건우,pb_b4_2@example.com,010-4788-5003,4,재직,PB,2024-01-15,1994-04-07
pb_b4_3,pwd_pb_b4_3,user,서하은,pb_b4_3@example.com,010-1675-1338,4,재직,PB,2024-01-28,1991-11-27
pb_b4_4,pwd_pb_b4_4,user,황아윤,pb_b4_4@example.com,010-5971-5621,4,재직,PB,2024-01-22,1992-03-01
pb_b4_5,pwd_pb_b4_5,user,서동현,pb_b4_5@example.com,010-2978-2384,4,재직,PB,2024-01-18,1996-05-10
pb_b4_6,pwd_pb_b4_6,user,임재원,pb_b4_6@example.com,010-2452-1312,4,재직,PB,2024-01-16,1995-03-16
pb_b4_7,pwd_pb_b4_7,user,정채원,pb_b4_7@example.com,010-5397-7734,4,재직,PB,2024-01-12,1993-10-19
pb_b4_8,pwd_pb_b4_8,user,이아윤,pb_b4_8@example.com,010-1688-5627,4,재직,PB,2024-01-20,1989-05-16
pb_b4_9,pwd_pb_b4_9,user,임도윤,pb_b4_9@example.com,010-2724-6267,4,재직,PB,2024-01-26,1995-05-27
pb_b4_10,pwd_pb_b4_10,user,윤서하,pb_b4_10@example.com,010-5056-1571,4,재직,PB,2024-01-24,1997-02-25
manager_b5,pwd_manager_b5,admin,권지아,manager_b5@example.com,010-7910-2533,5,재직,지점장,2023-01-28,1975-10-21
leader_b5_1,pwd_leader_b5_1,admin,유시우,leader_b5_1@example.com,010-9437-5458,5,재직,팀장,2023-06-10,1984-07-02
leader_b5_2,pwd_leader_b5_2,admin,안서연,leader_b5_2@example.com,010-1020-4469,5,재직,팀장,2023-06-18,1988-07-11
leader_b5_3,pwd_leader_b5_3,admin,강하은,leader_b5_3@example.com,010-4081-1512,5,재직,팀장,2023-06-11,1985-04-07
pb_b5_1,pwd_pb_b5_1,user,조민준,pb_b5_1@example.com,010-7133-2543,5,재직,PB,2024-01-10,1992-06-08
pb_b5_2,pwd_pb_b5_2,user,서주원,pb_b5_2@example.com,010-8148-9782,5,재직,PB,2024-01-11,1992-07-10
pb_b5_3,pwd_pb_b5_3,user,조서연,pb_b5_3@example.com,010-6742-9766,5,재직,PB,2024-01-15,1991-07-13
pb_b5_4,pwd_pb_b5_4,user,오민지,pb_b5_4@example.com,010-8434-9556,5,재직,PB,2024-01-11,1997-07-25
pb_b5_5,pwd_pb_b5_5,user,전재현,pb_b5_5@example.com,010-4698-2635,5,재직,PB,2024-01-26,1997-07-10
pb_b5_6,pwd_pb_b5_6,user,임예원,pb_b5_6@example.com,010-7813-8358,5,재직,PB,2024-01-19,1992-08-23
pb_b5_7,pwd_pb_b5_7,user,유서연,pb_b5_7@example.com,010-9728-7275,5,재직,PB,2024-01-25,1989-09-19
pb_b5_8,pwd_pb_b5_8,user,정지민,pb_b5_8@example.com,010-1279-7067,5,재직,PB,2024-01-26,1997-08-09
pb_b5_9,pwd_pb_b5_9,user,신민지,pb_b5_9@example.com,010-5748-3347,5,재직,PB,2024-01-12,1992-06-19
pb_b5_10,pwd_pb_b5_10,user,황승현,pb_b5_10@example.com,010-9891-6686,5,재직,PB,2024-01-14,1993-10-17
manager_b6,pwd_manager_b6,admin,송수빈,manager_b6@example.com,010-2231-5052,6,재직,지점장,2023-01-13,1976-07-28
leader_b6_1,pwd_leader_b6_1,admin,송채원,leader_b6_1@example.com,010-9390-9069,6,재직,팀장,2023-06-22,1987-10-14
leader_b6_2,pwd_leader_b6_2,admin,박소율,leader_b6_2@example.com,010-6828-7575,6,재직,팀장,2023-06-12,1982-05-24
leader_b6_3,pwd_leader_b6_3,admin,송윤서,leader_b6_3@example.com,010-7147-2442,6,재직,팀장,2023-06-22,1986-10-07
pb_b6_1,pwd_pb_b6_1,user,이지원,pb_b6_1@example.com,010-7171-1369,6,재직,PB,2024-01-11,1995-10-11
pb_b6_2,pwd_pb_b6_2,user,이윤서,pb_b6_2@example.com,010-1080-1790,6,재직,PB,2024-01-24,1997-12-01
pb_b6_3,pwd_pb_b6_3,user,박서현,pb_b6_3@example.com,010-5994-1648,6,재직,PB,2024-01-27,1991-09-18
pb_b6_4,pwd_pb_b6_4,user,신서준,pb_b6_4@example.com,010-4907-7602,6,재직,PB,2024-01-26,1996-04-26
pb_b6_5,pwd_pb_b6_5,user,권예원,pb_b6_5@example.com,010-9236-8331,6,재직,PB,2024-01-11,1997-12-16
pb_b6_6,pwd_pb_b6_6,user,황지원,pb_b6_6@example.com,010-7758-1344,6,재직,PB,2024-01-18,1996-03-24
pb_b6_7,pwd_pb_b6_7,user,한수빈,pb_b6_7@example.com,010-6629-9460,6,재직,PB,2024-01-19,1997-10-01
pb_b6_8,pwd_pb_b6_8,user,김재원,pb_b6_8@example.com,010-4674-6629,6,재직,PB,2024-01-13,1992-06-14
pb_b6_9,pwd_pb_b6_9,user,윤지호,pb_b6_9@example.com,010-7573-9117,6,재직,PB,2024-01-12,1991-12-20
pb_b6_10,pwd_pb_b6_10,user,임지후,pb_b6_10@example.com,010-4550-8939,6,재직,PB,2024-01-12,1993-09-23
manager_b7,pwd_manager_b7,admin,임유준,manager_b7@example.com,010-3333-2103,7,재직,지점장,2023-01-18,1977-01-20
leader_b7_1,pwd_leader_b7_1,admin,유서윤,leader_b7_1@example.com,010-9596-4147,7,재직,팀장,2023-06-27,1984-07-01
leader_b7_2,pwd_leader_b7_2,admin,최지호,leader_b7_2@example.com,010-8099-4901,7,재직,팀장,2023-06-10,1985-06-05
leader_b7_3,pwd_leader_b7_3,admin,장성민,leader_b7_3@example.com,010-6255-7998,7,재직,팀장,2023-06-11,1986-09-26
pb_b7_1,pwd_pb_b7_1,user,김서연,pb_b7_1@example.com,010-5208-3878,7,재직,PB,2024-01-10,1995-01-13
pb_b7_2,pwd_pb_b7_2,user,장서하,pb_b7_2@example.com,010-7319-5283,7,재직,PB,2024-01-12,1994-05-07
pb_b7_3,pwd_pb_b7_3,user,장예원,pb_b7_3@example.com,010-9122-5076,7,재직,PB,2024-01-27,1997-08-11
pb_b7_4,pwd_pb_b7_4,user,권민준,pb_b7_4@example.com,010-1629-4432,7,재직,PB,2024-01-16,1991-06-22
pb_b7_5,pwd_pb_b7_5,user,서예준,pb_b7_5@example.com,010-1773-2914,7,재직,PB,2024-01-13,1995-09-22
pb_b7_6,pwd_pb_b7_6,user,장다은,pb_b7_6@example.com,010-9363-3029,7,재직,PB,2024-01-23,1993-03-27
pb_b7_7,pwd_pb_b7_7,user,김승우,pb_b7_7@example.com,010-6842-2907,7,재직,PB,2024-01-18,1997-01-04
pb_b7_8,pwd_pb_b7_8,user,김지원,pb_b7_8@example.com,010-5073-2357,7,재직,PB,2024-01-19,1996-02-21
pb_b7_9,pwd_pb_b7_9,user,최우진,pb_b7_9@example.com,010-6587-6048,7,재직,PB,2024-01-12,1993-01-04
pb_b7_10,pwd_pb_b7_10,user,오지호,pb_b7_10@example.com,010-9469-3830,7,재직,PB,2024-01-17,1995-05-05
manager_b8,pwd_manager_b8,admin,한예원,manager_b8@example.com,010-2920-6634,8,재직,지점장,2023-01-12,1978-07-02
leader_b8_1,pwd_leader_b8_1,admin,장지민,leader_b8_1@example.com,010-7084-7922,8,재직,팀장,2023-06-16,1983-02-03
leader_b8_2,pwd_leader_b8_2,admin,황승우,leader_b8_2@example.com,010-8192-1609,8,재직,팀장,2023-06-11,1984-06-01
leader_b8_3,pwd_leader_b8_3,admin,신동현,leader_b8_3@example.com,010-2958-7614,8,재직,팀장,2023-06-19,1987-08-16
pb_b8_1,pwd_pb_b8_1,user,전건우,pb_b8_1@example.com,010-7493-6199,8,재직,PB,2024-01-16,1995-02-19
pb_b8_2,pwd_pb_b8_2,user,신서연,pb_b8_2@example.com,010-8150-5734,8,재직,PB,2024-01-23,1996-06-08
pb_b8_3,pwd_pb_b8_3,user,윤승현,pb_b8_3@example.com,010-1988-3808,8,재직,PB,2024-01-10,1994-05-06
pb_b8_4,pwd_pb_b8_4,user,최서준,pb_b8_4@example.com,010-9415-1358,8,재직,PB,2024-01-13,1989-02-15
pb_b8_5,pwd_pb_b8_5,user,한성민,pb_b8_5@example.com,010-9812-5197,8,재직,PB,2024-01-15,1993-09-24
pb_b8_6,pwd_pb_b8_6,user,조지민,pb_b8_6@example.com,010-3719-7625,8,재직,PB,2024-01-19,1994-08-04
pb_b8_7,pwd_pb_b8_7,user,이서윤,pb_b8_7@example.com,010-8874-5651,8,재직,PB,2024-01-16,1993-12-07
pb_b8_8,pwd_pb_b8_8,user,이동현,pb_b8_8@example.com,010-2194-7412,8,재직,PB,2024-01-15,1997-02-14
pb_b8_9,pwd_pb_b8_9,user,오서연,pb_b8_9@example.com,010-2302-2415,8,재직,PB,2024-01-11,1992-08-12
pb_b8_10,pwd_pb_b8_10,user,정서연,pb_b8_10@example.com,010-9956-4731,8,재직,PB,2024-01-26,1995-09-25
manager_b9,pwd_manager_b9,admin,권유준,manager_b9@example.com,010-9257-4224,9,재직,지점장,2023-01-14,1977-10-27
leader_b9_1,pwd_leader_b9_1,admin,한승우,leader_b9_1@example.com,010-2780-4810,9,재직,팀장,2023-06-11,1984-01-04
leader_b9_2,pwd_leader_b9_2,admin,서수현,leader_b9_2@example.com,010-9573-6933,9,재직,팀장,2023-06-17,1985-01-10
leader_b9_3,pwd_leader_b9_3,admin,오도윤,leader_b9_3@example.com,010-3770-5152,9,재직,팀장,2023-06-13,1987-03-10
pb_b9_1,pwd_pb_b9_1,user,오동현,pb_b9_1@example.com,010-4787-6725,9,재직,PB,2024-01-10,1991-12-22
pb_b9_2,pwd_pb_b9_2,user,강아윤,pb_b9_2@example.com,010-3290-8409,9,재직,PB,2024-01-21,1993-09-04
pb_b9_3,pwd_pb_b9_3,user,박지후,pb_b9_3@example.com,010-5013-3989,9,재직,PB,2024-01-22,1994-04-14
pb_b9_4,pwd_pb_b9_4,user,박도윤,pb_b9_4@example.com,010-2497-4590,9,재직,PB,2024-01-10,1996-04-22
pb_b9_5,pwd_pb_b9_5,user,강다은,pb_b9_5@example.com,010-5138-7859,9,재직,PB,2024-01-20,1993-06-18
pb_b9_6,pwd_pb_b9_6,user,오서준,pb_b9_6@example.com,010-3258-2686,9,재직,PB,2024-01-16,1993-05-23
pb_b9_7,pwd_pb_b9_7,user,박민지,pb_b9_7@example.com,010-7149-9667,9,재직,PB,2024-01-25,1993-04-02
pb_b9_8,pwd_pb_b9_8,user,오아윤,pb_b9_8@example.com,010-2562-5863,9,재직,PB,2024-01-25,1997-11-22
pb_b9_9,pwd_pb_b9_9,user,최성민,pb_b9_9@example.com,010-1920-1409,9,재직,PB,2024-01-18,1995-04-22
pb_b9_10,pwd_pb_b9_10,user,장재현,pb_b9_10@example.com,010-6930-2052,9,재직,PB,2024-01-10,1993-05-24
manager_b10,pwd_manager_b10,admin,한윤서,manager_b10@example.com,010-8292-3316,10,재직,지점장,2023-01-18,1975-09-09
leader_b10_1,pwd_leader_b10_1,admin,황예준,leader_b10_1@example.com,010-2256-6926,10,재직,팀장,2023-06-19,1984-04-27
leader_b10_2,pwd_leader_b10_2,admin,황서현,leader_b10_2@example.com,010-6267-2014,10,재직,팀장,2023-06-25,1982-01-22
leader_b10_3,pwd_leader_b10_3,admin,강준우,leader_b10_3@example.com,010-4477-4672,10,재직,팀장,2023-06-25,1988-03-27
pb_b10_1,pwd_pb_b10_1,user,한재원,pb_b10_1@example.com,010-1568-3228,10,재직,PB,2024-01-25,1989-06-06
pb_b10_2,pwd_pb_b10_2,user,유승현,pb_b10_2@example.com,010-5292-3134,10,재직,PB,2024-01-24,1992-07-28
pb_b10_3,pwd_pb_b10_3,user,전주원,pb_b10_3@example.com,010-9242-6725,10,재직,PB,2024-01-20,1995-08-16
pb_b10_4,pwd_pb_b10_4,user,박우진,pb_b10_4@example.com,010-5708-8351,10,재직,PB,2024-01-11,1989-03-04
pb_b10_5,pwd_pb_b10_5,user,유예준,pb_b10_5@example.com,010-4057-1588,10,재직,PB,2024-01-24,1993-03-08
pb_b10_6,pwd_pb_b10_6,user,정예준,pb_b10_6@example.com,010-4536-7005,10,재직,PB,2024-01-12,1989-04-04
pb_b10_7,pwd_pb_b10_7,user,전윤서,pb_b10_7@example.com,010-6124-3426,10,재직,PB,2024-01-23,1989-03-26
pb_b10_8,pwd_pb_b10_8,user,송서연,pb_b10_8@example.com,010-2647-8017,10,재직,PB,2024-01-15,1997-02-28
pb_b10_9,pwd_pb_b10_9,user,서준우,pb_b10_9@example.com,010-7414-9981,10,재직,PB,2024-01-28,1989-06-16
pb_b10_10,pwd_pb_b10_10,user,신수현,pb_b10_10@example.com,010-3472-4602,10,재직,PB,2024-01-16,1995-09-14
